{
	"credit": "Made with Blockbench",
	"textures": {
		"0": "item/amethyst_shard",
		"particle": "item/amethyst_shard"
	},
	"elements": [
		{
			"from": [0, 0, 0],
			"to": [1, 1, 1],
			"faces": {
				"north": {"uv": [0, 0, 1, 1], "texture": "#0"},
				"east": {"uv": [0, 0, 1, 1], "texture": "#0"},
				"south": {"uv": [0, 0, 1, 1], "texture": "#0"},
				"west": {"uv": [0, 0, 1, 1], "texture": "#0"},
				"up": {"uv": [0, 0, 1, 1], "texture": "#0"},
				"down": {"uv": [0, 0, 1, 1], "texture": "#0"}
			}
		}
	]
}